country,GDP_pc,GDP_growth,CPI_inflation,unemployment,current_account,govt_debt,FDI,industry_va
Afghanistan,357.261152798144,-6.24017199240269,13.7121023720064,14.1,,,,16.0503677223963
Africa Eastern and Southern,1679.32762166466,3.72271692296214,10.8834775726018,7.86947018999245,,,1.71786547617322,26.3210526613761
Africa Western and Central,2138.47315259913,4.47279468511532,7.94925144848567,3.59335356570127,,,1.46814555146344,23.0816586357113
Albania,7756.96188744253,4.8268006234359,6.72520271530059,10.785,-6.18049276219024,58.5241429999966,7.57934042905775,23.0250522159549
Algeria,4960.30334332888,3.60000000094915,9.26551551551552,12.382,8.62297009518779,,0.107187812155079,43.0521306240802
American Samoa,18017.4589383973,1.73501577287065,,,,,,
Andorra,42414.0479861228,9.56461225648184,,,11.6434481524489,48.115804536322,17.5702350620217,11.1453411041301
Angola,3682.1131513698,4.21600258475137,21.3552901320822,14.124,8.96477515056049,,-5.02899288556058,34.9333591780179
Antigua and Barbuda,20105.1989085164,9.10780623385958,7.53107834634288,,-15.0063215489718,,16.3832463643885,19.6581959747844
Arab World,7950.35581975672,7.00775934349392,,9.74413095599936,,,2.07805996103919,48.6378194883719
Argentina,13962.1894087223,6.02074537534855,72.430757531824,6.805,-0.62525456692328,,2.3984601182853,24.1118636272911
Armenia,6571.97445545099,12.5999999997766,8.64091108973854,13.451,0.737867280509602,46.5518225541677,4.99991586140552,25.4370966437794
Aruba,30975.9989121779,10.6364309604414,,,6.93602302823432,,7.4653342753216,9.73591736419981
Australia,65169.5191118657,4.25304559238732,6.59409658717841,3.728,0.254202501603949,57.8834285733848,4.05215286724898,27.4019620848457
Austria,52336.7725223758,5.33096379400371,8.54686993188457,4.992,-0.826550284589036,,3.0221599256451,25.8444683875386
Azerbaijan,7770.594223351,4.71468033247649,13.8522590144267,5.65,29.7916946512237,,-5.67773710614177,56.1467373576856
"Bahamas, The",34957.1613279737,10.8779009410268,5.60540633583043,9.25,-8.86961547540973,77.6639776530748,3.82040434055862,9.50434632433366
Bahrain,30470.5219276023,6.18016125475185,3.62574104304482,1.265,14.7198235888135,,4.20018456310523,46.3896273702963
Bangladesh,2716.48592780431,7.09982877575158,7.69695437176898,4.593,-3.81010813041235,,0.347960024540439,33.9200804971876
Barbados,24387.0387293761,17.2264626793379,,7.261,,,2.90490784179872,12.8135484901741
Belarus,7994.64806074889,-4.65839591328999,15.2096752740809,3.574,3.81254519379628,,2.17745011943276,33.0290955450834
Belgium,50605.7496677086,3.9562379757933,9.597511728725,5.57,-1.82151513615887,,2.22243107053374,20.0021164809193
Belize,7068.21728043145,9.25051329530994,6.27689319447543,8.682,-8.2753170919124,,4.95003696669658,15.4868338744118
Benin,1266.42711031904,6.25294705373625,1.35077863583527,1.685,-5.68712530548323,,2.15770537478617,17.017826707817
Bermuda,121613.939983629,6.47622571186707,,,14.4112672754604,,0.0748475167550859,5.32590434727504
Bhutan,3711.32767981591,5.21386783786224,5.6391667139637,5.947,-27.8005472490936,,0.289904655137253,31.8248447380802
Bolivia,4219.46113742445,3.74741781241461,1.74632872945968,3.552,2.26510260577012,,0.0122391923945909,32.0192722610323
Bosnia and Herzegovina,7655.59421024383,4.22681333390325,14.0208440826771,12.657,-4.39073525599636,41.7435105198961,3.7882728069108,24.6632482599279
Botswana,8328.7090572666,5.48601706446772,11.665567478802,23.615,-0.59504452376584,,3.49204705165089,37.4571297119178
Brazil,9281.33282136864,3.01669435408112,9.28010608956872,9.231,-2.14967710619443,79.1023218880378,3.86803201499441,22.8194568521446
British Virgin Islands,,,,,,,,
Brunei Darussalam,36632.9280952155,-1.62833154515108,3.68225030604215,5.191,19.5161890419121,,-1.73946797718401,67.9255854192344
Bulgaria,13999.1949530956,4.0838640915123,15.3252589264367,4.148,-1.36191844989855,,5.24661564677497,25.3037212349858
Burkina Faso,827.330843486661,1.62673258211919,14.2902354303358,3.828,-7.5391211537643,63.1897248087734,3.59640793567206,26.0439488959765
Burundi,302.992505263552,2.31770122223331,18.8008786664944,0.909,-15.2421619423092,,0.625576918322977,16.933802359546
Cabo Verde,4323.31362032709,15.843675684642,7.93092928079189,12.239,-3.48336678220334,,5.43014452079405,11.0789238411144
Cambodia,2325.03050040841,5.12990110773977,5.34370264895437,0.245,-18.9575920517337,27.4923946808839,8.94830125779534,40.8649626222158
Cameroon,1604.87726954895,3.7367840056412,6.24767713343861,3.646,-3.39397488391441,,2.08735032157122,27.1303593377196
Canada,56256.8007264015,4.18903628100851,6.80280115341612,5.279,-0.444191262050462,59.704132672031,2.31755804932899,
Caribbean small states,17456.3084845676,14.8851030062619,,8.29867755889038,,,-0.397301239631366,36.151204786258
Cayman Islands,93030.7051447803,5.77566708028824,,,-11.2532074114218,,-47.2171219717417,8.08055165134334
Central African Republic,467.359825026238,0.453901876447787,5.58316735183246,6.287,,,1.00929791484186,21.157300000739
Central Europe and the Baltics,19530.1553232172,4.04227221314892,,3.96540582731722,,,4.17185107299096,27.3806317184565
Chad,966.036468278568,4.12969897676332,5.78802687843616,1.081,,,3.44402627536712,33.0636052300641
Channel Islands,67627.1417347907,5.34196140375869,,5.923,,,,8.38306788106733
Chile,15405.6165774073,2.15399356192458,11.6438667110559,8.249,-8.84931514465226,,6.2318507042491,31.0330474006021
China,12970.6056414327,3.1341888719577,1.9735755573905,4.98,2.42059259149418,,1.03841365474349,37.8945266620066
Colombia,6680.44506854481,7.32827729427979,10.1772313546166,10.541,-6.04054199360168,70.2611599864283,4.97124137726565,26.1230022316952
Comoros,1465.479642862,2.60301031927843,12.5320314570998,3.879,-0.429292176773693,,0.337727307705265,9.63879809359056
"Congo, Dem. Rep.",687.738587554685,9.31116944064918,,4.54,-4.47028471935159,14.9405246182608,2.00131622839817,41.9573891532378
"Congo, Rep.",2620.83804267402,1.47535613247133,3.04344334698477,20.131,,,3.36508336137956,49.2455523632312
Costa Rica,13625.9008491328,4.55149177958398,8.27477490232654,11.325,-2.67298688627978,,5.4175310653788,20.6464381116167
Cote d'Ivoire,2333.37128301259,6.39988362720531,5.23352856100842,2.31,-7.60520680486661,,2.2547265327193,23.0445423474416
Croatia,18465.5414420364,7.29445343642668,10.7805806758686,6.811,-3.68089308009808,,5.51626974323097,20.0657707482195
Cuba,,1.77465227724316,,1.829,,,,23.7832356383659
Curacao,20057.1404747175,6.90599999999999,,,-26.7518167491028,,5.71077944316966,11.1890586123849
Cyprus,33231.04296875,8.27372597293814,8.39548297993334,6.806,-6.97567030730339,,0.172623612662826,10.375046731535
Czechia,28282.2236715857,2.8471706583814,15.100165146837,2.224,-4.52048439437013,,3.02937517288668,29.2185730464326
Denmark,67781.0940939514,0.443832614908331,7.69656699889259,4.434,11.1530363234679,,6.9048667972729,20.6688567291554
Djibouti,3133.25779772463,5.16653702854374,5.17222088647605,26.272,18.418217152052,,5.24930012962196,15.0308727802738
Dominica,9323.66089490562,10.3968076616121,2.88490226829353,,-26.5615606888312,,2.71598643499556,12.6067753689955
Dominican Republic,10104.2449349081,5.23795652902595,8.81109209279587,5.504,-5.77107013816738,,3.56897098132173,30.8255427451738
Early-demographic dividend,4043.82776331568,6.0211900577017,,5.64296814018676,,,1.98225253051193,35.0333114712034
East Asia & Pacific,13139.2109813612,2.9996184966993,,4.10032254258298,,,2.27977422973751,34.9268472299649
East Asia & Pacific (IDA & IBRD countries),10220.4774431567,3.54808390633288,,4.24711639501186,,,1.29406625416745,37.9128570851469
East Asia & Pacific (excluding high income),10106.9935977814,3.54811147025214,,4.23491194246921,,,1.29378662532685,37.9192668938293
Ecuador,6515.58528418336,5.86842354862311,3.46616972213076,3.713,1.95357076129177,,0.759467924339618,29.5835905417542
"Egypt, Arab Rep.",4233.30783744856,6.58784560886967,13.8956609775177,6.546,-2.2100904275198,,2.39118080969079,32.7114314313038
El Salvador,5074.60210221806,2.95461516549889,7.19861615609867,2.999,-6.7264305139644,74.0361190983906,0.0823187568481088,23.7319470400488
Equatorial Guinea,7589.29964909381,3.22350831658598,4.78671704710803,8.334,,,10.1419330984832,56.2109990617836
Eritrea,,,,6.033,,,,
Estonia,28340.3826549406,-1.22616966587796,19.3982634080616,5.571,-3.11354022792262,,4.52988372813183,23.0907684533786
Eswatini,3894.1620089869,0.386070835562705,,36.472,-2.96992116038182,,0.281255609924273,34.6863783098992
Ethiopia,982.103161506992,5.32175988403378,33.8898797100898,3.386,-4.19066632559079,,2.9803331590978,22.7175269590867
Euro area,41608.7123275598,3.6592192433758,,6.77735729230381,,,0.635945989109081,22.3269795807324
Europe & Central Asia,27913.5882331645,3.39087777130356,,5.8461378752333,,,1.19277708323663,24.1726367014579
Europe & Central Asia (IDA & IBRD countries),11421.1364427001,1.95197902081507,,5.62584537984402,,25.234403852925,1.05360200270419,30.8110750148446
Europe & Central Asia (excluding high income),7266.02243154199,3.07901753477167,,7.71538545377934,,33.6478367011133,1.83130761906165,30.8625051524798
European Union,38066.8844892624,3.56155233245134,,6.16136079316676,,,1.40263277767245,22.8657674703213
Faroe Islands,67058.2022648126,3.86099981669155,,,,,,17.7312172621374
Fiji,5414.12092119088,17.7451269773594,6.07882431529724,5.403,-15.5083711760819,,2.08084502833913,17.7938183842384
Finland,50440.560224974,0.763041912763526,7.12350773301402,6.719,-2.50692650482939,,4.66691154081507,25.1808292783738
Fragile and conflict affected situations,1850.91743054769,1.62071663646512,,5.66963973502859,,,1.00649053179636,
France,40988.6396406579,2.71676264185913,5.22236748369725,7.303,-1.43234855251881,,4.0180319137717,15.769153788105
French Polynesia,20053.9569369322,2.9373470716322,,11.793,,,-0.168607958150952,
Gabon,8409.2074145028,3.03761449530657,4.23124798274579,20.319,,,5.40389729406011,56.1297414412736
"Gambia, The",836.244875868476,5.49299823010114,11.5131198380505,6.067,-4.09350427164042,,10.4995860985808,15.5889695262957
Georgia,6729.84659930283,10.9585321385624,11.8981654203198,11.621,-2.58183727549166,42.9693933571232,9.03652531888906,21.329779714521
Germany,50506.5179638543,1.8092581243061,6.87257438551096,3.137,3.85045627175846,,2.07605246190373,25.560348825259
Ghana,2229.89122647803,3.80484980952164,31.2558951049016,2.87,-2.33126484639335,,1.93240124339233,31.470050505779
Gibraltar,,,,,,,,
Greece,20886.5243087629,5.52198580589408,9.64525981280642,12.426,-10.8779875356728,,3.69648293387112,16.7201143496111
Greenland,55635.0006491223,2.00455580865604,,,,,,19.5118889646021
Grenada,10469.3867012856,7.31023806981959,2.5805392590792,,-12.127765960022,,13.3138087097027,16.1403646794682
Guam,41833.1517132825,5.09986426216793,,5.383,,,,
Guatemala,5358.70156997677,4.18451817243695,6.88512823344287,3.051,1.16694204326195,,1.51615526851124,22.6306600546867
Guinea,1416.59612011764,3.97240784200721,10.4930409984424,5.174,16.8265386883899,,3.30630355394451,26.5029300686511
Guinea-Bissau,883.199131457831,5.52987253058352,9.39075933985203,2.666,-7.8855460445174,,1.16465840634171,12.6807194794454
Guyana,17913.4928066879,63.3346343654855,6.11505550109935,11.907,28.8207770246115,,-20.3619575428882,67.8206416613225
Haiti,1760.62635668777,-1.68198396897978,33.98393194707,14.54,-2.42897523935016,,0.194598953085393,29.3411380317267
Heavily indebted poor countries (HIPC),1121.48387311982,4.87387497765388,,4.43078249558701,,,2.73864493397505,26.6647458157565
High income,46553.1150181383,3.04532150391607,,4.50967085383543,,,2.01712222808595,22.865985296416
Honduras,3003.28996826399,4.14356194013767,9.08963911525025,8.774,-6.86234245630111,,2.41292398026651,25.9084247689488
"Hong Kong SAR, China",48825.8441873536,-3.68378414495199,1.88136707196853,4.318,10.1832120347633,,34.127375983385,6.26265366403118
Hungary,18428.028825614,4.15238057779229,14.6081439492433,3.583,-8.86819485242409,77.9862613165307,-1.08324491969383,24.2330845363481
IBRD only,7699.23258826186,3.77001425774101,,5.56994264084484,,,1.58414742724457,35.2430390174132
IDA & IBRD total,6036.81374407089,3.826133077696,,5.38641759178597,,,1.5753897353979,34.5345751553544
IDA blend,2234.83616206483,4.79819828416285,,4.74456534673109,,,0.689047970934923,22.2405611649752
IDA only,1332.31730178708,4.30600397002792,,4.84321749828202,,,2.19495367259386,28.8895693928945
IDA total,1647.52732460307,4.5456383570682,,4.80770011659382,,,1.46479915291332,25.7378382208979
Iceland,76350.4550416502,8.82069395623492,8.3087551155892,3.789,-1.86900848854223,85.1196750795497,4.74021987239207,21.4503791547989
India,2347.44829434623,7.60936497768895,6.69903414079852,4.822,-2.36247481487452,,1.49248825904,25.3845195629461
Indonesia,4730.83484836107,5.30719722664799,4.20946463714784,3.462,1.00182875104005,,1.87264100861425,41.4292641760979
"Iran, Islamic Rep.",4721.20437099984,4.35281087521344,43.4884641742179,9.085,,,0.354893288694741,41.2187779051327
Iraq,6520.73154560584,7.95904804992662,4.99476596381044,15.41,20.1861883343541,,-0.726653366772653,65.2721245594509
Ireland,105190.685952731,7.51113888415304,7.82945736434105,4.465,8.83145214804832,,-6.48790793588936,40.756447602572
Isle of Man,88328.548125887,-4.16539345213232,,,,,,6.93646402700019
Israel,54949.621556429,6.26326343841286,4.41162725488371,3.695,2.68983451117337,,4.35725962102686,19.4269429799466
Italy,35653.9042103495,4.82117669913565,8.20128991161718,8.069,-1.82962143546248,,2.94181405797187,23.2791441111799
Jamaica,6626.47502388538,6.43930323656186,10.3495688391272,4.083,-0.72501369030751,,1.69418617103882,17.4494491248565
Japan,34065.6438962526,0.941998775483285,2.49770278172255,2.614,2.11637961936876,,1.12971840820326,27.7174374582966
Jordan,4332.25159897931,2.64743514912058,4.22915568897117,18.2,-8.11220847662388,100.908283146258,1.97382535440765,24.4882015845826
Kazakhstan,11255.3396437881,3.19999999970734,15.0278644440851,4.86,2.85432700775767,21.3547830101811,2.25355434978679,34.9793974237581
Kenya,2109.56288513137,4.85998104287999,7.65986268272224,5.565,-4.19995258299621,,0.691645983068062,17.5274480968435
Kiribati,2069.7671726925,4.56632593100372,5.34595440908904,,-12.043794492027,,1.58130645815643,10.6026974808208
"Korea, Dem. People's Rep.",,,,3.457,,,,
"Korea, Rep.",34822.4048404971,2.72756456708991,5.08951365062842,2.857,1.29147917850335,47.6110651856141,1.39186469730544,32.5112580507246
Kosovo,5290.95006509706,4.27849895827543,11.5805104542012,,-9.42387368388759,,8.1685714094263,27.2441813918075
Kuwait,39981.7691035833,6.75866711966617,3.98064961990313,2.133,34.3743300781264,,0.409943823254394,65.7663289580606
Kyrgyz Republic,1739.72018344174,8.96750520041391,13.9229093174176,4.767,-42.683633961771,47.085480540382,0.451992680624909,24.1941421977643
Lao PDR,2046.40440255621,2.70742652643155,22.9562225132056,1.209,-2.96567805589964,,4.69509225789707,34.1089797342112
Late-demographic dividend,12286.0846812169,3.28700376545595,,5.19342173027057,,,1.3953408938821,36.2151811149685
Latin America & Caribbean,9408.84820249156,4.08489707535257,,6.93153209123053,,,3.41964592792883,32.8886249957991
Latin America & Caribbean (excluding high income),9111.34927084769,3.94705326197962,,6.88224992720831,,66.4556421197665,3.24322025451026,27.1905672578375
Latin America & the Caribbean (IDA & IBRD countries),9174.55690452428,4.11782588294032,,7.01556949606688,,66.2817586248671,3.47370175296876,32.9348330980467
Latvia,20221.103686109,1.90853419029801,17.3102830198815,6.815,-5.47922926578537,,3.20337891789771,20.581400181885
Least developed countries: UN classification,1299.36172423082,4.75099901471465,,5.05048767454214,,,1.69971103564668,29.4179971708575
Lebanon,3654.35845534878,-0.621678970663112,171.205491336641,11.105,-34.606227109401,,2.50966160641735,2.39076209975393
Lesotho,1030.12582947757,2.38778020186284,8.27180389943028,16.623,-11.417455276866,,-0.332065069453934,30.4887414630726
Liberia,744.617175237387,4.80810517290655,7.59298486560313,2.956,-8.71094478928873,,3.09332516183889,20.6885472727514
Libya,5986.63694851258,-8.29981811198795,4.51030149235703,19.238,22.2155432064068,,1.62326033379453,76.8380798647142
Liechtenstein,188055.003235348,,,,,,,39.3533011817131
Lithuania,25085.784063499,2.53752574011534,19.7050461518394,5.955,-6.084973892203,,3.40588108209325,25.6398695886222
Low & middle income,5741.78381882953,3.99985001578578,,5.4501372521796,,,1.59091895283448,33.9713736387678
Low income,734.204117595357,3.35759142339809,,5.672232196208,,,3.77495431945092,24.3933052263639
Lower middle income,2493.61487371356,6.24089400201116,,4.77300365505371,,,1.53111069801376,27.1271680676293
Luxembourg,123719.658915996,-1.0974168968152,6.33600807777919,4.588,5.46205930596557,,-391.555119009248,9.11380045625511
"Macao SAR, China",36806.891255461,-18.956941494497,1.04502802369954,2.446,11.9781877490401,,13.3808225043823,9.27782751417487
Madagascar,503.51453347296,4.15609778386296,8.16059031991844,3.186,-5.50012106134206,,3.05272592480357,23.3568161543654
Malawi,604.269740360317,0.921115069005936,20.953969729969,5.02,-18.342633331864,55.5992119991912,1.5988861608404,16.9073435383995
Malaysia,11754.5678336248,9.03173723044451,3.37869862549928,3.93,3.12347110572348,60.1479261322487,3.68486215546291,38.974240550053
Maldives,11786.0191492983,13.8260895184139,2.33314337624567,4.303,-16.868196658323,,11.8454662775286,9.91861727669278
Mali,976.914116406452,3.70319027595568,9.62147608489064,2.387,-6.54582121437751,,3.17422530916772,25.8229787953173
Malta,35638.8869457406,2.48309993837792,6.15375621933037,3.471,-2.82965125268286,,115.053872398938,11.2986859561477
Marshall Islands,6455.66062185762,-0.700563926576777,,,6.82026239887489,,-3.02876781452366,9.59065346092379
Mauritania,1960.35240077424,6.79600500489967,9.52526628622843,10.52,-14.8995650002896,,14.6644208551054,29.1375503330515
Mauritius,10246.5017455553,8.69306675264066,10.7737512242899,6.322,-11.1067938800961,,4.21993412406582,18.0660918735828
Mexico,11405.7940473759,3.70975709163623,7.8962761916855,3.256,-1.27426718186171,43.9694401566719,2.67267286258385,33.1638305245733
"Micronesia, Fed. Sts.",3710.12451611752,-2.90588999868474,5.40874375479067,,,,,5.01864496057164
"Middle East, North Africa, Afghanistan & Pakistan",6430.53553485753,6.4465289217368,,8.23898776216766,,,2.4531076990245,43.218816823565
"Middle East, North Africa, Afghanistan & Pakistan (IDA & IBRD)",3010.19656726913,4.33155082949985,,8.83598059809406,,,0.857283524810093,37.1049539381829
"Middle East, North Africa, Afghanistan & Pakistan (excluding high income)",3015.7557973385,4.32972249891918,,8.9382675467404,,,0.86426358939919,36.9301148284531
Middle income,6248.00962014697,4.00728998415605,,5.43225929726469,,,1.57036682937491,34.0804884960566
Moldova,5744.29618434435,-4.6000000255323,28.7372976766235,0.909,-17.0894479797469,34.4860324000827,4.03446735088075,19.0908218110745
Monaco,226052.001905201,11.2662955198601,,,,,,12.2757894484929
Mongolia,4993.51487463495,5.0327096366527,15.1509728200805,5.954,-13.4342448059604,,14.6053065112102,35.3122175669446
Montenegro,10024.5435616209,7.73954689516201,13.0403036347004,14.851,-13.0831876409466,,13.9582230042507,13.4328345905852
Morocco,3463.1376953125,1.81269242194809,6.65704202759067,9.413,-3.6574911910038,,1.74814323662076,26.0855513037114
Mozambique,578.251663751351,4.36445074432608,10.2794018093421,6.789,-33.7160091783462,76.6350609536734,16.0042947069706,23.2425949902892
Myanmar,1158.05005055976,4.0374934360085,,3.063,,,1.98946076043536,38.2471357653023
Namibia,4349.79908493314,5.3987247803654,6.08128114112413,19.615,-12.5650462510737,,8.40166893779959,27.11172557706
Nauru,12911.9086441381,2.87769784172609,,,1.94623421060566,,-5.91699334587118,
Nepal,1385.91066274851,5.6313145568451,7.6702057938028,10.661,-5.76692961945292,,0.160405404733603,12.1812284731342
Netherlands,59123.318556487,5.00723455159611,10.0012078753473,3.526,6.82147679536226,,1.47701805979237,18.6563965305589
New Caledonia,33516.363085906,3.50000000000006,,10.71,,,7.23562598706021,
New Zealand,49099.7090423358,3.49638686458842,7.17222476016441,3.299,-8.75909130046907,53.9638193955627,3.93040138256791,19.6044449752619
Nicaragua,2322.89053964583,3.55029945613975,10.4674244465991,4.969,-2.93963905910741,,8.23239650343154,25.9436105960329
Niger,609.745147574878,11.9000000000277,4.22621791916392,0.403,-16.1987356727326,,6.25880834283465,18.8885125171682
Nigeria,2899.16047470324,4.31882949523192,18.8471877843274,3.827,0.157446238586316,,-0.0288727652154093,19.1690558860792
North America,74535.6365392629,2.64058278650343,,3.83303148633239,,109.999872420209,1.68204036234635,
North Macedonia,7606.2375253797,2.75888415332967,14.2047173195833,14.476,-6.23699171036603,,6.13067578989693,23.0244680694634
Northern Mariana Islands,23785.754590043,16.6427546628408,,,,,,
Norway,109269.520580298,3.24622860260932,5.76412317852272,3.231,28.8474343707489,,2.39446435427431,49.1288971298146
Not classified,,,,,,,,
OECD members,43950.173710934,3.09501591343317,,4.99493121590976,,,1.69631188991801,
Oman,23223.5829405935,7.98570728354278,2.5061425061425,3.3,3.65021452080102,,6.25544528201825,59.4852077730217
Other small states,14320.7706776288,4.35703581894087,,9.01147513544492,,,15.1279694182798,22.9596659084884
Pacific island small states,3896.81060847355,8.46598449677872,,3.60681620269367,,,2.26281533700796,15.0111939608683
Pakistan,1538.3228133171,4.7781068690358,19.8738599646655,5.291,-3.25858181478804,,0.389980753542853,20.4125955543613
Palau,13729.7602761496,1.51267904038146,12.3526638378124,,-48.0250710256696,,30.4991067893894,12.3983166863106
Panama,17378.6070017557,11.0385475261766,2.85965128834711,8.086,0.0376164980565806,,3.2250848191713,26.4074796224087
Papua New Guinea,3102.28968594061,5.70758404238197,5.25323922215241,2.689,14.4295140010126,48.1888180948174,3.76981381554657,40.279199607031
Paraguay,6205.62595379319,0.176038366149214,9.76556667164402,6.755,-6.43463369918452,,2.03844719825164,34.2539657600776
Peru,7350.63034300417,2.8090335533015,8.33370630096231,4.291,-4.05265015695666,,4.55221582089149,34.9314299156729
Philippines,3548.06930572116,7.58098212785563,5.82115811213955,2.598,-4.51605763317132,,2.3475097233369,29.2212399364338
Poland,18891.2121169279,5.25545697386036,14.4294507575758,2.811,-2.27455866454271,,6.00626096603428,29.1814824967348
Portugal,24620.5197587181,6.98584137580278,7.83269124233323,6.138,-2.08477766426278,,5.08368921917484,18.4032428555898
Post-demographic dividend,50969.801641014,2.79274034092423,,4.52601118181449,,,2.11227912896868,
Pre-demographic dividend,1770.15579032782,4.67657631651596,,4.97198453165573,,,0.858656667279576,30.0189924618282
Puerto Rico (US),35353.6821570014,2.95709565499587,,6.0,,,,48.2233975178249
Qatar,88701.4689763536,4.18497018544697,4.99527553740761,0.13,26.7778345000245,,0.0322850595933247,65.3489234039875
Romania,15503.551804598,4.18771305104109,13.7954887432521,5.614,-9.25297876069207,,3.88647349252643,27.5991771762168
Russian Federation,15619.6142578125,-1.43588213859842,13.7436797398232,3.867,10.3741278519981,19.2884758032917,-1.73680981421063,32.2301435685138
Rwanda,975.469323735369,8.16120720872912,17.6892095588153,15.084,-9.36601780213995,,2.29121488787355,21.2695312277805
Samoa,4132.44717734444,2.26705055249026,10.9618822286844,5.048,-8.32318339446955,,0.539647016745273,10.8490582930193
San Marino,54190.8417700372,7.89844145767604,5.32545321311365,,13.6140422171615,103.153573465904,3.92890134686182,37.5952017777331
Sao Tome and Principe,2389.73729784737,0.168698492216564,18.0056351122841,8.964,-4.73214359308342,,10.2819916432401,4.3554064353605
Saudi Arabia,38510.2276211037,12.0005874752929,2.47407371925372,5.589,11.7294510759776,,2.1556449627378,53.1237705884733
Senegal,1574.0281059306,3.85043193735768,9.69681899081073,2.837,-19.9485520410487,,10.5411241953817,24.8999790711237
Serbia,10024.8191112596,2.70347705543654,11.9815117344703,8.439,-6.67116914473895,,6.90354140371273,25.2215655826672
Seychelles,16836.6721895387,12.7104688902836,2.6260363285129,,-7.01801917874827,,9.40509377025538,11.9787643383367
Sierra Leone,860.371067916096,5.3135546141915,27.2082883814653,3.137,-6.34863362240807,,2.03619504430889,20.7563899342047
Singapore,90299.0694637269,4.10800021897151,6.13095418919732,3.591,19.1173002567127,154.103642983248,28.3188156351916,23.84052179209
Sint Maarten (Dutch part),37793.1284399157,13.9,,,-3.57811267081915,,1.0725730154733,
Slovak Republic,21317.7943982363,0.544591632137454,12.7741463637611,6.143,-9.60893340616344,,4.16872005912019,26.5461918036068
Slovenia,28360.3041467268,2.66850555542486,8.83369886749452,4.011,-1.03068913156479,,3.64010857871706,27.991167622233
Small states,13636.4661190787,7.43586182979632,,8.21647080688741,,,10.146090044415,26.482416169281
Solomon Islands,1877.78104490956,-2.58448361755723,5.51812928576938,1.475,-14.8999907899023,16.439440971058,2.77627597762606,19.3056371651711
"Somalia, Fed. Rep.",573.141165798229,2.71821202053759,,19.112,,43.3780260707635,6.23346074683917,
South Africa,6534.24867783397,2.05813661692193,7.03987272546482,33.268,-0.29618259812743,76.205442941881,2.26670277731613,24.9820287872223
South Asia,2385.08341896271,7.10115392630797,,4.86631704704624,,,1.35427437156322,26.3092218083012
South Asia (IDA & IBRD),2385.08341896271,7.10115392630797,,4.86631704704624,,,1.35427437156322,26.3092218083012
South Sudan,,,-6.68732094212668,12.475,-11.2233718358258,,,
Spain,30319.4987196616,6.37031712129601,8.39057634118626,13.033,0.379418337465124,109.021131387118,4.65609043363165,21.2234793725829
Sri Lanka,3342.63650253855,-7.34919301306745,49.7211021114327,4.528,-1.95359411175867,,1.19249322228342,29.8058315790625
St. Kitts and Nevis,21011.5744209816,10.4804941546807,2.66817533111249,,-10.6193571735864,,4.1869384420309,21.7505830496705
St. Lucia,13103.8243147472,20.3884431828414,6.37814695133351,15.934,-3.29377112340384,,2.47761444857422,8.86594059124188
St. Martin (French part),,,,,,,,
St. Vincent and the Grenadines,9693.55867833025,3.1108330034352,5.66009779226552,19.277,-20.0993766685012,,6.59514716509223,14.6172883881669
Sub-Saharan Africa,1865.11635260699,4.0614075605038,,6.07875092921414,,,1.601585993195,24.8176549407583
Sub-Saharan Africa (IDA & IBRD countries),1865.11635260699,4.06140756050381,,6.07875092921414,,,1.601585993195,24.8176549407583
Sub-Saharan Africa (excluding high income),1963.80330032374,3.98372703715637,,6.39359936161309,,,1.51565756163249,24.9474247282306
Sudan,1046.24084472656,-0.957816591119183,138.80846024176,7.53,-8.59889945377348,,1.11000421594226,4.8714017457712
Suriname,6084.43876736445,2.40622235601218,52.446027276241,7.973,2.01288430178227,,-0.245419018781694,42.2305173267347
Sweden,54836.8907235124,1.25543620445816,8.36929098869189,7.417,4.02301740437692,,9.35228228785513,23.7592056275214
Switzerland,94394.5106803525,3.04406102969423,2.83502798644451,4.122,9.27988775297973,17.5861857642239,-1.49836009615472,24.5433816560689
Syrian Arab Republic,1051.67149587463,0.732781301861365,,13.245,,,,12.0009587036365
Tajikistan,1052.17949484894,8.00000033846364,,7.051,15.2573634253921,,1.62432287476597,34.702580856427
Tanzania,1207.52062988281,4.56600576430955,4.35027204269101,1.573,-7.23733332088267,,1.89781100360764,27.6848111756783
Thailand,6909.35281815827,2.58037874709827,-1.61068030486688,0.94,-3.42898859482136,60.349920189306,2.39179841841837,35.1217577031461
Timor-Leste,2343.24954740187,-20.5224785561874,7.00530945399787,1.537,15.223922069979,,1.67248575304862,54.5122451931824
Togo,951.232378690387,6.29443692019429,7.96757361617945,1.965,,,-2.00429827129667,21.2257076314374
Tonga,5298.01941509951,-2.12854452405193,10.9713652903022,2.002,-8.45659468821285,,0.523176247933185,17.2421442273298
Trinidad and Tobago,20750.5202434652,0.86126082651883,5.82838638517959,4.383,10.1709014983169,,4.1369722626234,45.6757832765475
Tunisia,3707.29283414381,2.75228761004381,8.30646124447623,15.3,-8.83429553808937,,1.43159199894021,25.9624438396638
Turkiye,10897.8397861365,5.44122511322401,72.3088359891207,10.465,-4.99763806227356,35.3300843740665,1.48839623728753,30.890102398727
Turkmenistan,5837.84224538947,6.19999993621698,,4.017,,,2.21764501242202,40.4477669790021
Turks and Caicos Islands,31280.5418020808,14.0871234168153,,,,,2.44052271812869,10.0498633655924
Tuvalu,5911.32727055301,0.677309361438304,,,4.59319167015377,,0.337639353401454,
Uganda,963.067314117178,4.58802192181773,7.1957888597581,2.885,-8.91897823001288,53.890283064004,6.48067616265599,26.7661486333726
Ukraine,4199.6708984375,-28.7585842155085,20.1836366617478,,4.52251476971106,,0.136428578229067,18.0108316024427
United Arab Emirates,50759.7589231191,7.51448425801082,5.29122604376849,2.872,,,4.44591399207935,49.3332992568668
United Kingdom,47057.043229179,5.14970388522993,7.92204883147902,3.768,-2.06737101121871,138.215904304967,2.91635435189931,16.8198596717719
United States,76657.2488844403,2.51237531986017,8.00279982052121,3.65,-3.87872626619871,114.694842004206,1.62816817042838,
Upper middle income,10324.5193124329,3.45482027640853,,6.0139105551006,,,1.58070794354163,35.9037551985216
Uruguay,20818.6146091144,4.48622703072073,9.10437983075437,7.877,-3.55951856406132,54.2372595323111,12.4804063396028,17.7086542108617
Uzbekistan,2578.66689394219,6.00134232203442,11.4466436998836,4.456,-3.15905928026031,,2.94947448385164,31.4813507507112
Vanuatu,3370.21191956953,5.18622862422562,6.67930581887121,5.077,-12.0784970754148,79.7735452170055,1.01371235156553,7.37210563507584
"Venezuela, RB",3155.04207099687,8.00091310654791,,5.646,,,2.63893280227629,
Viet Nam,4147.69777213621,8.53750046755788,3.15650749963129,1.57,0.339101746979362,,4.32947308910883,38.4823612398341
Virgin Islands (U.S.),44320.909185774,-1.31123206333498,,12.092,,,,
West Bank and Gaza,3799.95527015163,4.08276027347105,3.74122391852077,24.42,-10.626522987378,,1.62179695015304,17.3927108606611
World,12798.1658465319,3.40305483746891,,5.23426188470581,,,1.86511043214883,27.2584810728139
"Yemen, Rep.",,,,17.224,,,,
Zambia,1447.12310138035,5.21122360356247,10.9932039209136,5.993,3.74784661580661,,-0.223286755156161,35.2838210182449
Zimbabwe,2536.40050223076,6.13926327570213,104.705170628667,10.087,0.748243320737497,,0.826254039449821,46.4723635392825
